#,Name,Discipline,COSPAR ID,SatCat #,Launch Mass in kg,Dry Mass in kg,On-board Power in W,Launch Date,Launch Vehicle,Launch Site,Periapsis in km,Apoapsis in km,Semi-Major Axis in km,Period,Inclination,Longitude,Eccentricity,Epoch Start,Decay Date,Note,Launch Time,Launch Timezone,Epoch Start Date,Epoch Start Time,Epoch Start Timezone,Launch Vehicle Type
1.0,Aryabhatta,Earth Sciences Space Physics,1975-033A,07752,360.0,,46.0,1975-04-19,Interkosmos-II,Kapustin Yar Missile and Space Complex,568.0,611.0,,96.5,50.7,,0.00308,"19 April 1975, 01:30:00 IST",1992-02-11,Active technological experience in building and operating a satellite system. This was India's first indigenously designed and built satellite,13:10:00,IST,1975-04-19,01:30:00,IST,Interkosmos
2.0,Bhaskara Sega-I,Astronomy Communications Engineering Earth Sciences,1979-051A,11392,444.0,,47.0,1979-06-07,Modified SS-5 (SKean IRBM) plus Upper Stage,Kapustin Yar Missile and Space Complex,512.0,557.0,,95.2,50.7,,0.00325,"7 June 1979, 01:30:00 IST",1989-02-17,First experimental remote sensing satellite. Carried TV and microwave cameras,16:00:00,IST,1979-06-07,01:30:00,IST,Modified
3.0,Rohini Technology Payload,Experimental,,,35.0,,3.0,1979-08-10,SLV-3-E1,"Satish Dhawan Space Centre, Sriharikota, Andhra Pradesh",,,,,,,,,,"Intended for measuring in-flight performance of first experimental flight of SLV-3, the first Indian launch vehicle. Did not achieve orbit",,,1979-08-10,,,SLV
4.0,Rohini RS-1 (Rohini-1B),Earth Sciences,1980-062A,11899,35.0,,16.0,1980-07-18,SLV-3-E2,"Satish Dhawan Space Centre, Sriharikota, Andhra Pradesh",305.0,919.0,,96.9,44.7,,0.04389,"18 July 1980, 1:30:00 IST",1981-05-20,"Used for measuring in-flight performance of second experimental launch of SLV-3. This was India's first indigenous satellite launch, making it the seventh nation to possess the capability to launch its own satellites on its own rockets",8:01:00,IST,1980-07-18,1:30:00,IST,SLV
5.0,Rohini RS-D1 (Rohini-2),Earth Sciences,1981-051A,12491,38.0,,16.0,1981-05-31,SLV-3-D1,"Satish Dhawan Space Centre, Sriharikota, Andhra Pradesh",186.0,418.0,,90.5,46.3,,0.01735,"31 May 1981, 1:30:00 IST",1981-06-08,Used for conducting some remote sensing technology studies using a landmark sensor payload. Launched by the first developmental launch of SLV-3,10:30:00,IST,1981-05-31,1:30:00,IST,SLV
6.0,APPLE,Communications,1981-057B,12545,670.0,,210.0,1981-06-19,Ariane-1 (V-3),"Centre Spatial Guyanais, Kourou",35761.9,35963.0,42233.0,1439.6,13.6,97.57° E,0.00513,"19 June 1981, 1:30:00 IST",,First experimental communication satellite. Provided experience in building and operating a payload experiment three-axis stabilised communication satellite,18:02:59,IST,1981-06-19,1:30:00,IST,Ariane
7.0,Bhaskara -II,Engineering Earth Sciences,1981-115A,12968,444.0,,47.0,1981-11-20,Modified SS-5 (SKean IRBM) plus Upper Stage,Kapustin Yar Missile and Space Complex,520.0,542.0,,95.2,50.6,,0.00159,"20 November 1981, 00:30:00 IST",1991-11-30,Second experimental remote sensing satellite; similar to Bhaskara-1. Provided experience in building and operating a remote sensing satellite system on an end-to-end basis,14:08:00,IST,1981-11-20,00:30:00,IST,Modified
8.0,INSAT-1A,Communications,1982-031A,13129,1152.1,,,1982-04-10,Delta 3910 PAM-D,"Air Force Eastern Test Range, Florida",35837.1,35903.1,42241.0,1440.0,13.6,40.85° E,,"10 April 1982, 07:17:00 IST",,First operational multipurpose communication and meteorology satellite. Procured from USA. Worked for only six months,12:17:00,IST,1982-04-10,07:17:00,IST,Delta
9.0,Rohini RS-D2 (Rohini-3),Earth Sciences,1983-033A,14002,41.5,,16.0,1983-04-17,SLV-3,"Satish Dhawan Space Centre, Sriharikota, Andhra Pradesh",389.0,852.0,,97.1,46.6,,0.03306,"17 April 1983, 00:30:00 IST",1990-04-19,Identical to RS-D1. Launched by the second developmental launch of SLV-3,11:14:00,IST,1983-04-17,00:30:00,IST,SLV
10.0,INSAT-1B,Communications Earth Sciences,1983-089B,14318,1152.0,,,1983-06-01,Shuttle [PAM-D],"Air Force Eastern Test Range, Florida",35776.2,35869.6,42193.0,1437.6,14.8,89.71° E,,"31 May 1983, 09:19:00 IST",,Identical to INSAT-1A. Served for more than design life of seven years,13:19:00,IST,1983-06-01,09:19:00,IST,Shuttle
11.0,SROSS-1,Experimental,,,150.0,,90.0,1987-03-24,ASLV-D1,"Satish Dhawan Space Centre, Sriharikota, Andhra Pradesh",,,,,,,,,,Carried payload for launch vehicle performance monitoring and for gamma ray astronomy. Did not achieve orbit,,,1987-03-24,,,ASLV
12.0,IRS-1A,Earth Sciences,1988-021A,18960,975.0,,600.0,1988-03-17,Vostok,"Baikonur Cosmodrome, Kazakhstan",902.3,922.1,7283.0,103.1,99.3,,0.00371,"17 March 1988, 00:30:00 IST",,Earth observation satellite. First operational remote sensing satellite,12:42:00,IST,1988-03-17,00:30:00,IST,Vostok
13.0,SROSS-2,Astronomy Space Physics,,,150.0,,90.0,1988-07-13,ASLV-D2,"Satish Dhawan Space Centre, Sriharikota, Andhra Pradesh",,,,,,,,,,Carried remote sensing payload of German space agency in addition to Gamma Ray astronomy payload. Did not achieve orbit,,,1988-07-13,,,ASLV
14.0,INSAT-1C,Communications Earth Sciences,1988-063A,19330,1152.0,,,1988-07-22,Ariane-3,"Centre Spatial Guyanais, Kourou",35768.8,35821.5,42166.0,1436.2,14.9,95.03° E,0.00035,"22 July 1988, 00:42:00 IST",,Same as INSAT-1A. Served for only one-and-a-half years,4:42:00,IST,1988-07-22,00:42:00,IST,Ariane
15.0,INSAT-1D,Communications Earth Sciences,1990-051A,20643,1190.0,550.0,1000.0,1990-06-12,Delta 4925,"Air Force Eastern Test Range, Florida",35729.2,35974.0,42160.0,1435.9,14.3,71.66° E,0.00245,"12 June 1990, 1:30:00 IST",,Identical to INSAT-1A. Still in service. A third stage motor from its launch landed in Australia in 2008,11:22:00,IST,1990-06-12,1:30:00,IST,Delta
16.0,IRS-1B,Earth Sciences,1991-061A,21688,975.0,,600.0,1991-08-29,Vostok,"Baikonur Cosmodrome, Kazakhstan",892.6,928.0,7281.0,103.1,99.0,,0.00385,"29 August 1991, 1:30:00 IST",,Earth observation satellite. Improved version of IRS-1A,12:18:00,IST,1991-08-29,1:30:00,IST,Vostok
17.0,INSAT-2DT (Formerly ARABSAT-1C) (INSAT-2R),Communications,1992-010B,21894,1310.0,,1400.0,1992-02-27,Ariane-44L H10,"Centre Spatial Guyanais, Kourou",36122.8,36365.4,42615.0,1459.2,11.6,21.41° W,0.00385,"29 August 1991, 1:30:00 IST",,Launched as Arabsat 1C. Procured in orbit from Arabsat in January 1998,5:28:10,IST,1992-02-27,1:30:00,IST,Ariane
18.0,SROSS-C (SROSS-3),Astronomy Earth Sciences Space Physics,1992-028A,21968,106.1,,45.0,1992-05-20,ASLV-D3,"Satish Dhawan Space Centre, Sriharikota, Andhra Pradesh",255.0,429.0,,91.0,46.03,,0.01295,"21 May 1992, 1:30:00 IST",1992-07-14,Carried gamma ray astronomy and aeronomy payload,8:30:00,IST,1992-05-20,1:30:00,IST,ASLV
19.0,INSAT-2A,Communications Earth Sciences,1992-041A,22027,1906.0,916.0,,1992-07-10,Ariane-44L H10,"Centre Spatial Guyanais, Kourou",35783.1,35846.9,42186.0,1437.2,14.5,16.18° E,0.00381,"10 July 1992, 1:30:00 IST",,First satellite in the second-generation Indian-built INSAT-2 series. Has enhanced capability over INSAT-1 series. Still in service,4:12:19,IST,1992-07-10,1:30:00,IST,Ariane
20.0,INSAT-2B,Communications Earth Sciences,1993-048B,22724,1931.0,916.0,,1993-07-23,Ariane-44L H10+,"Centre Spatial Guyanais, Kourou",35812.9,35941.2,42248.0,1440.4,13.0,156.74° W,,,,Second satellite in INSAT-2 series. Identical to INSAT-2A. Still in service,4:29:00,IST,1993-07-23,,,Ariane
21.0,IRS-1E,Earth Sciences,,,846.0,,415.0,1993-09-20,PSLV-D1,"Satish Dhawan Space Centre, Sriharikota, Andhra Pradesh",,,,,,,,,,Earth observation satellite. Did not achieve orbit,,,1993-09-20,,,PSLV
22.0,SROSS-C2,Astronomy Space Physics,1994-027A,23099,113.0,,45.0,1994-05-05,ASLV-D4,"Satish Dhawan Space Centre, Sriharikota, Andhra Pradesh",433.0,917.0,,98.1,46.0,,0.03431,"4 May 1994, 1:30:00 IST",2001-07-12,Identical to SROSS-C,5:30:00,IST,1994-05-05,1:30:00,IST,ASLV
23.0,IRS-P2,Earth Sciences,1994-068A,23323,870.0,,510.0,1994-10-15,PSLV-D2,"Satish Dhawan Space Centre, Sriharikota, Andhra Pradesh",819.2,820.8,7190.0,101.1,98.8,,0.00533,"15 October 1994, 6:38:00 IST",,Earth observation satellite. Launched by second developmental flight of PSLV.Mission accomplished after 3 years of service in 1997,10:38:00,IST,1994-10-15,6:38:00,IST,PSLV
24.0,INSAT-2C,Communications,1995-067B,23731,2050.0,946.0,1320.0,1995-12-07,Ariane-44L H10-3,"Centre Spatial Guyanais, Kourou",35918.4,35948.5,42304.0,1443.2,12.0,60.57° E,,,,"Has additional capabilities such as mobile satellite service, business communication and television outreach beyond Indian boundaries. Still in service",4:53:00,IST,1995-12-07,,,Ariane
25.0,IRS-1C,Earth Sciences,1995-072A,23751,1250.0,,809.0,1995-12-28,Molniya-M,"Baikonur Cosmodrome, Kazakhstan",823.0,824.9,7194.0,101.2,98.69,,0.00014,"28 December 1995, 7:15:00 IST",,Earth observation satellite. Launched from Baikonur Cosmodrome,12:15:00,IST,1995-12-28,7:15:00,IST,Molniya
26.0,IRS-P3 (IRS B3),Astronomy Earth Sciences,1996-017A,23827,930.0,,817.0,1996-03-21,PSLV-D3,"Satish Dhawan Space Centre, Sriharikota, Andhra Pradesh",820.9,827.1,7195.0,101.2,98.7,,0.00319,"21 March 1996, 5:23:00 IST",,Earth observation satellite. Carries remote sensing payload and an X-ray astronomy payload. Launched by third developmental flight of PSLV,10:03:00,IST,1996-03-21,5:23:00,IST,PSLV
27.0,INSAT-2D,Communications,1997-027B,24820,2079.0,995.0,1650.0,1997-06-04,Ariane-44L H10-3,"Centre Spatial Guyanais, Kourou",33225.6,35917.5,40942.0,1374.1,13.5,125.76° E,,,,Same as INSAT-2C. Inoperable since 4 October 1997 due to power bus anomaly,4:50:00,IST,1997-06-04,,,Ariane
28.0,IRS-1D,Earth Sciences,1997-057A,24971,920.0,,809.0,1997-09-29,PSLV-C1,"Satish Dhawan Space Centre, Sriharikota, Andhra Pradesh",748.6,823.3,7156.0,100.4,98.4,,0.03719,"29 September 1997, 6:17:00 IST",,Earth observation satellite. Same as IRS-1C,10:17:00,IST,1997-09-29,6:17:00,IST,PSLV
29.0,INSAT-2E (APR-1),Communications Earth Sciences,1999-016A,25666,2550.0,1150.0,,1999-04-02,Ariane-42P H10-3,"Centre Spatial Guyanais, Kourou",35932.1,36003.3,42338.0,1445.0,5.3,107.82° E,,,,Multipurpose communication and meteorological satellite,8:30:00,IST,1999-04-02,,,Ariane
30.0,OceanSat-1 (IRS-P4),Earth Sciences,1999-029C,25758,1050.0,,750.0,1999-05-26,PSLV-C2,"Satish Dhawan Space Centre, Sriharikota, Andhra Pradesh",723.9,726.3,7096.0,99.1,98.2,,0.00077,"26 May 1999, 8:12:00 IST",,Earth observation satellite. Carries an Ocean Colour Monitor (OCM) and a Multifrequency Scanning Microwave Radiometer (MSMR),11:52:00,IST,1999-05-26,8:12:00,IST,PSLV
31.0,INSAT-3B,Communications,2000-016B,26108,2070.0,970.0,1712.0,2000-03-22,Ariane-5G,"Centre Spatial Guyanais, Kourou",35949.3,35985.9,42338.0,1445.0,4.3,107° W,,"30 June 2000, 00:59:00 IST",,"Multipurpose communication: business communication, developmental communication, and mobile communications",4:59:00,IST,2000-03-22,00:59:00,IST,Ariane
32.0,GSAT-1 (GramSat-1),Communications Engineering,2001-015A,26745,1530.0,,,2001-04-18,GSLV-D1,"Satish Dhawan Space Centre, Sriharikota, Andhra Pradesh",33853.1,35800.5,41197.0,1387.0,11.2,17.37° E,0.02261,"18 April 2001, 11:43:00 IST",,"Experimental satellite for the first developmental flight of Geosynchronous Satellite Launch Vehicle, GSLV-D1. Did not complete its intended mission due to a shortfall in the GTO apogee",15:43:00,IST,2001-04-18,11:43:00,IST,GSLV
33.0,TES,Earth Sciences,2001-049A,26957,1108.0,,,2001-10-22,PSLV-C3,"Satish Dhawan Space Centre, Sriharikota, Andhra Pradesh",514.6,570.2,6913.0,95.3,97.7,,0.00202,"22 October 2002, 6:03:00 IST",,"Experimental satellite to test technologies such as attitude and orbit control system, high-torque reaction wheels, new reaction control system, etc. This satellite carries a 1-meter resolution panchromatic camera, and is considered a prototype for future Indian ""spy satellites""",10:03:00,IST,2001-10-22,6:03:00,IST,PSLV
34.0,INSAT-3C,Communications,2002-002A,27298,2750.0,1218.0,2765.0,2002-01-24,Ariane-42L H10-3,"Centre Spatial Guyanais, Kourou",35786.9,35800.6,42164.0,1436.1,0.6,93.5° E,0.00245,,,Designed to augment the existing INSAT capacity for communication and broadcasting and provide continuity of the services of INSAT-2C,5:17:00,IST,2002-01-24,,,Ariane
35.0,Kalpana-1 (MetSat-1),Earth Sciences,2002-043A,27525,1060.0,498.0,550.0,2002-09-12,PSLV-C4,"Satish Dhawan Space Centre, Sriharikota, Andhra Pradesh",35741.2,35845.9,42166.0,1436.1,6.3,74° E,,,,"First meteorological satellite built by ISRO. Originally named METSAT-1, the satellite was subsequently renamed after Kalpana Chawla, who had perished in the Space Shuttle Columbia disaster",,IST,2002-09-12,,,PSLV
36.0,INSAT-3A,Communications Earth Sciences,2003-013A,27714,2950.0,1348.0,3100.0,2003-04-10,Ariane-5G,"Centre Spatial Guyanais, Kourou",35874.2,35980.2,42298.0,1442.9,1.2,87° E,,,,"Multipurpose satellite for communication, broadcasting, and meteorological services (similar to INSAT-2E and Kalpana-1",4:22:00,IST,2003-04-10,,,Ariane
37.0,GSAT-2 (GramSat-2),Communications,2003-018A,27807,1900.0,,1400.0,2003-05-08,GSLV-D2,"Satish Dhawan Space Centre, Sriharikota, Andhra Pradesh",35892.6,35936.5,42285.0,1442.3,5.0,199° W,,,,Experimental satellite for the second developmental test flight of Geosynchronous Satellite Launch Vehicle (GSLV),16:58:00,IST,2003-05-08,,,GSLV
38.0,INSAT-3E,Communications,2003-043E,27951,2775.0,1218.0,,2003-09-28,Ariane-5G,"Centre Spatial Guyanais, Kourou",35576.4,35716.3,42017.0,1428.6,2.5,126.83° E,,28 September 2003 00:44:00 IST,,Communication satellite to augment the existing INSAT System,4:44:00,IST,2003-09-28,00:44:00,IST,Ariane
39.0,ResourceSat-1 (IRS-P6),Earth Sciences,2003-046A,28051,1360.0,,,2003-10-17,PSLV-C5,"Satish Dhawan Space Centre, Sriharikota, Andhra Pradesh",824.2,829.5,7197.0,101.3,2.5,,0.0016,"17 October 2003, 6:24:00 IST",,Earth observation/remote sensing satellite. Intended to supplement and replace IRS-1C and IRS-1D,10:24:00,IST,2003-10-17,6:24:00,IST,PSLV
40.0,GSAT-3(EduSat),Communications,2004-036A,28417,1950.5,819.4,2040.0,2004-09-20,GSLV-F01,"Satish Dhawan Space Centre, Sriharikota, Andhra Pradesh",36071.1,36084.4,42446.0,1450.6,5.2,158.51° W,,,,Also designated GSAT-3. India's first exclusive educational satellite,16:01:00,IST,2004-09-20,,,GSLV
41.0,CartoSat-1,Earth Sciences,2005-017A,28649,1560.0,,1100.0,2005-05-05,PSLV-C6,"Satish Dhawan Space Centre, Sriharikota, Andhra Pradesh",623.2,627.9,6996.0,97.1,97.9,,0.00014,"5 May 2005, 6:14:00 IST",,Earth observation satellite. Provides stereographic in-orbit images with a 2.5-meter resolution,10:14:00,IST,2005-05-05,6:14:00,IST,PSLV
42.0,HamSat,Communications,2005-017B,28650,42.5,,,2005-05-05,PSLV-C6,"Satish Dhawan Space Centre, Sriharikota, Andhra Pradesh",592.0,626.4,6980.0,96.7,97.7,,0.00271,"12 June 1990, 1:30:00 IST",,"This is a micro-satellite that was built as a collaboration between Indian and Dutch researchers, for providing satellite-based amateur radio services to the national as well as the international community",10:14:00,IST,2005-05-05,1:30:00,IST,PSLV
43.0,INSAT-4A,Communications,2005-049A,28911,3081.0,1386.55,5922.0,2005-12-22,Ariane-5GS,"Centre Spatial Guyanais, Kourou",35789.7,35798.7,42165.0,1436.1,0.0,83° E,,,,Advanced satellite for direct-to-home television broadcasting services,4:03:00,IST,2005-12-22,,,Ariane
44.0,INSAT-4C,Communications,,,2180.0,,,2006-07-10,GSLV-F02,"Satish Dhawan Space Centre, Sriharikota, Andhra Pradesh",,,,,,,,,,Geosynchronous communications satellite. Did not achieve orbit,,,2006-07-10,,,GSLV
45.0,"CartoSat-2(IRS-P7 or, CartoSat-2AT)",Earth Sciences,2007-001B,29710,680.0,,900.0,2007-01-10,PSLV-C7,"Satish Dhawan Space Centre, Sriharikota, Andhra Pradesh",639.1,642.2,7011.0,97.4,97.9,,0.00143,"4 January 2007, 4:27:00 IST",,Advanced remote sensing satellite carrying a panchromatic camera capable of providing scene-specific spot images,9:27:00,IST,2007-01-10,4:27:00,IST,PSLV
46.0,SRE-1,Engineering,2007-001C,29711,615.0,550.0,,2007-01-10,PSLV-C7,"Satish Dhawan Space Centre, Sriharikota, Andhra Pradesh",486.0,643.0,,95.9,97.9,,0.01131,"4 January 2007, 4:27:00 IST",,Experimental satellite intended to demonstrate the technology of an orbiting platform for performing experiments in microgravity conditions. Launched as a co-passenger with CARTOSAT-2. SRE-1 was de-orbited and recovered successfully after 12 days over Bay of Bengal,9:27:00,IST,2007-01-10,4:27:00,IST,PSLV
47.0,INSAT-4B,Communications,2007-007A,30793,3025.0,,5859.0,2007-03-12,Ariane-5ECA,"Centre Spatial Guyanais, Kourou",35761.1,35827.1,42165.0,1436.1,0.0,93.5° E,,,,Identical to INSAT-4A. Further augments the INSAT capacity for direct-to-home (DTH) television services and other communications. On the night of 7 July 2007 INSAT-4B experienced a power supply glitch which led to switching 'off' of 50 per cent of the transponder capacity (6 Ku and 6 C-Band transponders),3:33:00,IST,2007-03-12,,,Ariane
48.0,INSAT-4CR,Communications,2007-037A,32050,2130.0,,3000.0,2007-09-02,GSLV-F04,"Satish Dhawan Space Centre, Sriharikota, Andhra Pradesh",35780.2,35806.9,42164.0,1436.1,0.0,47.5° E,,,,"Identical to INSAT-4C. It carried 12 high-power Ku-band transponders designed to provide direct-to-home (DTH) television services, Digital Satellite News Gathering etc.",18:21:00,IST,2007-09-02,,,GSLV
49.0,CartoSat-2A,Earth Sciences,2008-021A,32783,690.0,,900.0,2008-04-28,PSLV-C9,"Satish Dhawan Space Centre, Sriharikota, Andhra Pradesh",632.0,649.2,7011.0,97.4,97.9,,,"28 April 2008, 5:24:00 IST",,Earth observation/remote sensing satellite. Identical to CARTOSAT-2,9:24:00,IST,2008-04-28,5:24:00,IST,PSLV
50.0,"IMS-1 (Indian Mini-Satellite-1 or,(Third World Satellite – TWSat)",Earth Sciences,2008-021D,32786,83.0,,220.0,2008-04-28,PSLV-C9,"Satish Dhawan Space Centre, Sriharikota, Andhra Pradesh",614.0,629.4,6992.0,97.0,97.6,,,"28 April 2008, 5:24:00 IST",,Low-cost microsatellite imaging mission. Launched as co-passenger with CARTOSAT-2A,9:24:00,IST,2008-04-28,5:24:00,IST,PSLV
51.0,Chandrayaan-1,Planetary Sciences,2008-052A,33405,1380.0,523.0,750.0,2008-10-22,PSLV-C11,"Satish Dhawan Space Centre, Sriharikota, Andhra Pradesh",,,,,,,,"22 October 2008, 2:22:00 IST",,"India's first unmanned lunar probe. It carried 11 scientific instruments built and designed by India, USA, UK, Germany, Norway, Poland and Bulgaria. After a span of 9 months, the lunar craft faced debilitating failure, rendering most on-board systems inoperable. Additionally, faulty orientation of the SAR resulted in failed experiments, which eventually had to be abandoned.",6:22:00,IST,2008-10-22,2:22:00,IST,PSLV
52.0,RISAT-2,Earth Sciences,2009-019A,34807,300.0,,,2009-04-20,PSLV-C12,"Satish Dhawan Space Centre, Sriharikota, Andhra Pradesh",470.6,478.5,6845.0,93.9,41.2,,,,,Radar imaging satellite used to monitor India's borders and as part of anti-infiltration and anti-terrorist operations. Launched as a co-passenger with ANUSAT,6:45:00,IST,2009-04-20,,,PSLV
53.0,AnuSat-1,Communications,2009-019B,34808,40.0,,,2009-04-20,PSLV-C12,"Satish Dhawan Space Centre, Sriharikota, Andhra Pradesh",,,,90.0,,,,,2012-04-18,This was a research micro-satellite designed at Anna University that carries an amateur radio and technology demonstration experiments. It has since been retired,6:45:00,IST,2009-04-20,,,PSLV
54.0,OceanSat-2,Earth Sciences,2009-051A,35931,960.0,,1360.0,2009-09-23,PSLV-C14,"Satish Dhawan Space Centre, Sriharikota, Andhra Pradesh",728.2,731.9,7101.0,99.3,98.3,,,,,"Gathers data for oceanographic, coastal and atmospheric applications. Continues mission of Oceansat-1",11:51:00,IST,2009-09-23,,,PSLV
55.0,GSAT-4,Communications,,,2220.0,,,2010-04-15,GSLV-D3,"Satish Dhawan Space Centre, Sriharikota, Andhra Pradesh",,,,,,,,,,"Communications satellite with technology demonstrator features (electric propulsion, Li-Ion battery, bus management unit). Failed to reach orbit due to GSLV-D3 failure",,,2010-04-15,,,GSLV
56.0,CartoSat-2B,Earth Sciences,2010-035A,36795,694.0,,930.0,2010-07-12,PSLV-C15,"Satish Dhawan Space Centre, Sriharikota, Andhra Pradesh",629.9,651.4,7011.0,97.4,97.9,,,,,Earth observation/remote sensing satellite (Identical to CartoSat-2A),9:22:00,IST,2010-07-12,,,PSLV
57.0,StudSat (STUDent SATellite),Earth Sciences,2010-035B,36796,,,,2010-07-12,PSLV-C15,"Satish Dhawan Space Centre, Sriharikota, Andhra Pradesh",605.5,622.7,6985.0,96.8,98.0,,,,,India's first pico-satellite (weighing less than 1 kg). It was designed and developed by a team from seven Engineering colleges in Karnataka and Andhra Pradesh,9:22:00,IST,2010-07-12,,,PSLV
58.0,GSAT-5P(INSAT-4D),Communications,,,2310.0,,,2010-12-25,GSLV-F06,"Satish Dhawan Space Centre, Sriharikota, Andhra Pradesh",,,,,,,,,,"C-band communication satellite, failed to reach orbit due to GSLV-F06 failure",,,2010-12-25,,,GSLV
59.0,ResourceSat-2,Earth Sciences Technology Applications,2011-015A,37387,1206.0,,1250.0,2011-04-20,PSLV-C16,"Satish Dhawan Space Centre, Sriharikota, Andhra Pradesh",825.2,828.7,7197.0,101.3,98.7,,,,,"This is ISRO's eighteenth remote-sensing satellite, and essentially carries on the work began by ResourceSat-1",10:12:00,IST,2011-04-20,,,PSLV
60.0,YouthSat (IMS-2),Solar Physics Space Physics,2011-015B,37388,92.0,,,2011-04-20,PSLV-C16,"Satish Dhawan Space Centre, Sriharikota, Andhra Pradesh",808.6,828.2,7189.0,101.1,98.6,,,,,Indo-Russian stellar and atmospheric mini-satellite with the participation of university students,10:12:00,IST,2011-04-20,,,PSLV
61.0,"GSAT-8 (GramSat-8, or INSAT-4G)",Communications,2011-022A,37605,3093.0,1426.0,6242.0,2011-05-21,Ariane-5 VA-202,"Centre Spatial Guyanais, Kourou",35781.0,35806.3,42164.0,1436.1,0.0,55° E,,,,Communications satellite carries 24 Ku-band transponders and 2 channel GAGAN payload operating in L1 and L5 band,2:08:00,IST,2011-05-21,,,Ariane
62.0,GSAT-12 (GramSat-12),Communications,2011-034A,37746,1410.0,559.0,1430.0,2011-07-15,PSLV-C17,"Satish Dhawan Space Centre, Sriharikota, Andhra Pradesh",35761.6,35825.9,42164.0,1436.1,0.0,83° E,,"15 July 2011, 12:48:00 IST",,"The GSAT-12 is configured to carry 12 Extended C-band transponders to augment the capacity in the INSAT system for various communication services like Tele-education, Telemedicine and for Village Resource Centres (VRC). Mission life is expected to be about 8 years",16:48:00,IST,2011-07-15,12:48:00,IST,PSLV
63.0,Megha-Tropiques,Earth Sciences,2011-058A,37838,1000.0,,1325.0,2011-10-12,PSLV-C18,"Satish Dhawan Space Centre, Sriharikota, Andhra Pradesh",860.5,874.7,7238.0,102.2,20.0,,,"12 October 2011, 7:00:00 IST",,Megha-Tropiques was developed jointly by ISRO and the French CNES,11:00:00,IST,2011-10-12,7:00:00,IST,PSLV
64.0,Jugnu,Earth Sciences Technology Applications,2011-058B,37839,3.0,,,2011-10-12,PSLV-C18,"Satish Dhawan Space Centre, Sriharikota, Andhra Pradesh",843.9,871.4,7228.0,101.9,20.0,,,,,Nano-satellite developed by IIT Kanpur,11:00:00,IST,2011-10-12,,,PSLV
65.0,SRMSat,Earth Sciences Technology Applications,2011-058D,37841,10.9,,,2011-10-12,PSLV-C18,"Satish Dhawan Space Centre, Sriharikota, Andhra Pradesh",855.8,873.2,7235.0,102.1,20.0,,,,,Nano-satellite developed by SRM Institute of Science and Technology,11:00:00,IST,2011-10-12,,,PSLV
66.0,RISAT-1,Earth Sciences,2012-017A,38248,1858.0,,2200.0,2012-04-26,PSLV-C19,"Satish Dhawan Space Centre, Sriharikota, Andhra Pradesh",542.2,550.0,6917.0,95.4,97.6,,,,,"RISAT-1 is India's first indigenous all-weather Radar Imaging Satellite, whose images will facilitate agriculture and disaster management",5:47:00,IST,2012-04-26,,,PSLV
67.0,GSAT-10,Communications,2012-051B,38779,3400.0,1498.0,6474.0,2012-09-28,Ariane-5 VA-209,"Centre Spatial Guyanais, Kourou",35783.3,35805.4,42165.0,1436.1,0.1,83° E,,,,"GSAT-10, India's advanced communication satellite, is a high power satellite being inducted into the INSAT system",2:48:00,IST,2012-09-28,,,Ariane
68.0,SARAL,Earth Sciences,2013-009A,39086,407.0,,906.0,2013-02-25,PSLV-C20,"Satish Dhawan Space Centre, Sriharikota, Andhra Pradesh",791.8,792.6,7163.0,100.6,98.5,,,,,The Satellite with ARGOS and ALTIKA (SARAL) is a joint Indo-French satellite mission for oceanographic studies,18:01:00,IST,2013-02-25,,,PSLV
69.0,IRNSS-1A,Navigation/Global Positioning,2013-034A,39199,1425.0,614.0,1660.0,2013-07-01,PSLV-C22,"Satish Dhawan Space Centre, Sriharikota, Andhra Pradesh",35720.2,35864.3,42163.0,1436.0,28.8,55.0° E,,,,IRNSS-1A is the first of seven satellite in the IRNSS navigational system,23:41:00,IST,2013-07-01,,,PSLV
70.0,INSAT-3D,Earth Sciences,2013-038B,39216,2060.0,,1164.0,2013-07-26,Ariane-5 ECA VA-214,"Centre Spatial Guyanais, Kourou",35794.0,35795.3,42165.0,1436.1,0.0,82.0° E,,,,"INSAT-3D is the meteorological Satellite with advanced weather monitoring payloads (6-channel multi-spectral imager, 19-channel sounder, data relay transponder and search-and-rescue transponder)",1:23:00,IST,2013-07-26,,,Ariane
71.0,GSAT-7(INSAT-4F),Communications,2013-044B,39234,2650.0,,3000.0,2013-08-30,Ariane-5 ECA VA-215,"Centre Spatial Guyanais, Kourou",35789.8,35798.1,42164.0,1436.1,0.0,74.0° E,,,,GSAT-7 is the advanced multi-band communication satellite dedicated for military use. It is currently being exclusively by the navy,2:00:00,IST,2013-08-30,,,Ariane
72.0,Mars Orbiter Mission (MOM) (Mangalyaan-1),Planetary Science,2013-060A,39370,1340.0,488.0,840.0,2013-11-05,PSLV-C25,"Satish Dhawan Space Centre, Sriharikota, Andhra Pradesh",,,,4602.0,150.0,,,,,"The Mars Orbiter Mission (MOM), informally called Mangalyaan is India's first Mars orbiter",14:38:00,IST,2013-11-05,,,PSLV
73.0,GSAT-14,Communications,2014-001A,39498,1982.0,,2600.0,2014-01-05,GSLV Mk.II-D5,"Satish Dhawan Space Centre, Sriharikota, Andhra Pradesh",35774.5,35813.6,42165.0,1436.1,0.0,74.0° E,,,,"GSAT-14 is the twenty third geostationary communication satellite of India. It is intended to replace GSAT-3, and to augment the In-orbit capacity of Extended C and Ku-band transponders",16:18:00,IST,2014-01-05,,,GSLV
74.0,IRNSS-1B,Navigation/Global Positioning,2014-017A,39635,1432.0,,1660.0,2014-04-04,PSLV-C24,"Satish Dhawan Space Centre, Sriharikota, Andhra Pradesh",35700.5,35883.1,42162.0,1436.0,29.1,55.0° E,,,,IRNSS-1B is the second of seven satellite in the IRNSS system,17:14:00,IST,2014-04-04,,,PSLV
75.0,IRNSS-1C,Navigation/Global Positioning,2014-061A,40269,1425.4,,1660.0,2014-10-16,PSLV-C26,"Satish Dhawan Space Centre, Sriharikota, Andhra Pradesh",35715.5,35872.6,42165.0,1436.1,3.0,83° E,,,,IRNSS-1C is the third satellite in the Indian Regional Navigation Satellite System (IRNSS),,,2014-10-16,,,PSLV
76.0,GSAT-16,Communications,2014-078A,40332,3181.6,,6000.0,2014-12-07,Ariane-5,"Centre Spatial Guyanais, Kourou",35762.5,35824.7,42164.0,1436.1,0.1,55.0° E,,,,"GSAT-16 is the twenty fourth communication satellite of India configured to carry a total of 48 transponders (12 Ku, 24 C and 12 Cue, each with a bandwidth of 36 MHz), which was the highest number of transponders in a single satellite at that time",2:10:00,IST,2014-12-07,,,Ariane
77.0,IRNSS-1D,Navigation/Global Positioning,2015-018A,40547,1425.0,603.0,1660.0,2015-03-28,PSLV-C27,"Satish Dhawan Space Centre, Sriharikota, Andhra Pradesh",35704.7,35885.0,42165.0,1436.2,29.1,112° E,,,,IRNSS-1D is the fourth satellite in the Indian Regional Navigation Satellite System (IRNSS),17:19:00,IST,2015-03-28,,,PSLV
78.0,GSAT-6(INSAT-4E),Communications,2015-041A,40880,2117.0,985.0,3100.0,2015-08-27,GSLV Mk.II-D6,"Satish Dhawan Space Centre, Sriharikota, Andhra Pradesh",35769.6,35818.4,42164.0,1436.1,0.0,83° E,,,,"GSAT-6 is a communication satellite. GSAT- 6 features an unfurlable antenna, largest on board any satellite. Launch of GSLV-D6 also marks the success of indigenously developed upper stage cryogenic engine",16:52:00,IST,2015-08-27,,,GSLV
79.0,Astrosat,Space Sciences,2015-052A,40930,1513.0,,,2015-09-28,PSLV-C30,"Satish Dhawan Space Centre, Sriharikota, Andhra Pradesh",642.5,655.0,7019.0,97.6,6.0,,,,,ASTROSAT is India's first dedicated multi wavelength space observatory,,,2015-09-28,,,PSLV
80.0,GSAT-15,Communications,2015-065A,41028,3164.0,1440.0,6200.0,2015-11-11,Ariane 5 VA-227,"Centre Spatial Guyanais, Kourou",35785.66,35802.6,42165.0,1436.1,0.1,93.5° E,,,,"Communications satellite, carries communication transponders in Ku-band and a GPS Aided GEO Augmented Navigation (GAGAN) payload operating in L1 and L5 bands. Weight 3164 kg",3:04:00,IST,2015-11-11,,,Ariane
81.0,IRNSS-1E,Navigation/Global Positioning,2016-003A,41241,1425.0,598.0,1660.0,2016-01-20,PSLV-C31,"Satish Dhawan Space Centre, Sriharikota, Andhra Pradesh",35709.6,35875.2,42163.0,1436.0,28.8,111.75° E,,,,IRNSS-1E is the fifth satellite in the Indian Regional Navigation Satellite System (IRNSS),9:31:00,IST,2016-01-20,,,PSLV
82.0,IRNSS-1F,Navigation/Global Positioning,2016-015A,41384,1425.0,598.0,1660.0,2016-03-10,PSLV-C32,"Satish Dhawan Space Centre, Sriharikota, Andhra Pradesh",35700.8,35889.2,42166.0,1436.2,4.1,32.5° E,,,,IRNSS-1F is the sixth satellite in the Indian Regional Navigation Satellite System (IRNSS),16:01:00,IST,2016-03-10,,,PSLV
83.0,IRNSS-1G,Navigation/Global Positioning,2016-027A,41469,1425.0,598.0,1660.0,2016-04-28,PSLV-C33,"Satish Dhawan Space Centre, Sriharikota, Andhra Pradesh",35778.6,35808.7,42164.0,1436.1,4.2,129° E,,,,IRNSS-1G is the seventh and final satellite in the Indian Regional Navigation Satellite System (IRNSS),12:59,IST,2016-04-28,,,PSLV
84.0,Cartosat-2C,Earth Sciences,2016-040A,41599,737.5,,986.0,2016-06-22,PSLV-C34,"Satish Dhawan Space Centre, Sriharikota, Andhra Pradesh",504.7,526.1,6886.0,94.8,97.5,,,,,"Earth observation/remote sensing satellite. Identical to CARTOSAT-2,2A and 2B",9:26:00,IST,2016-06-22,,,PSLV
85.0,SathyabamaSat,Technology Applications,2016-040B,41600,1.5,,,2016-06-22,PSLV-C34,"Satish Dhawan Space Centre, Sriharikota, Andhra Pradesh",499.2,521.8,6881.0,94.7,97.5,,,,,"A micro-satellite designed and built by the students of Sathyabama University, Chennai, India. This satellite collect data on green house gases in the LEO atmosphere",9:26:00,IST,2016-06-22,,,PSLV
86.0,Swayam-1,Communications Technology Applications,2016-040J,41607,1.0,,,2016-06-22,PSLV-C34,"Satish Dhawan Space Centre, Sriharikota, Andhra Pradesh",499.7,521.5,6881.0,94.7,97.5,,,,,"A 1-U pico-satellite designed and built by the students of College of Engineering, Pune. This satellite provides point-to-point communications for the HAM community. A second version of the satellite is now being planned",9:26:00,IST,2016-06-22,,,PSLV
87.0,INSAT-3DR,Earth Sciences,2016-054A,41752,2211.0,956.0,1700.0,2016-09-08,GSLV-F05,"Satish Dhawan Space Centre, Sriharikota, Andhra Pradesh",35767.2,35820.6,42164.0,1436.1,0.0,74.0° E,,,,An advanced meteorological satellite of India configured with an imaging System and an Atmospheric Sounder,16:40:00,IST,2016-09-08,,,GSLV
88.0,Pratham,Technology Applications,2016-059A,41783,10.0,,,2016-09-26,PSLV-C35,"Satish Dhawan Space Centre, Sriharikota, Andhra Pradesh",666.8,715.6,7062.0,98.4,98.2,,,,,"A mini-satellite build by students and researchers at IIT, Mumbai to study electrical characteristics of the earth's atmosphere",9:12:00,IST,2016-09-26,,,PSLV
89.0,PISat,Technology Applications,2016-059B,41784,5.25,,,2016-09-26,PSLV-C35,"Satish Dhawan Space Centre, Sriharikota, Andhra Pradesh",666.6,713.2,7060.0,98.4,98.2,,,,,"A micro-satellite designed and built by the students of PES Institute of Technology, Bengaluru at their Crucible of Research and Innovation Laboratory (CRIL) to develop remote sensing applications",9:12:00,IST,2016-09-26,,,PSLV
90.0,ScatSat-1,Earth Sciences,2016-059H,41790,377.0,110.0,,2016-09-26,PSLV-C35,"Satish Dhawan Space Centre, Sriharikota, Andhra Pradesh",723.6,741.2,7103.0,99.3,98.1,,,,,"Miniature satellite to provide weather forecasting, cyclone prediction, and tracking services to India",9:12:00,IST,2016-09-26,,,PSLV
91.0,GSAT-18,Communications,2016-060A,41793,3425.0,1480.0,6474.0,2016-10-06,Ariane-5 ECA,"Centre Spatial Guyanais, Kourou",35760.2,35827.7,42164.0,1436.1,0.1,74.0° E,,,,"At 3.4 tons, this was the heaviest satellite owned/being operated by India at the time of its launch",2:00:00,IST,2016-10-06,,,Ariane
92.0,ResourceSat-2A,Earth Sciences,2016-074A,41877,1235.0,,,2016-12-07,PSLV-C36,"Satish Dhawan Space Centre, Sriharikota, Andhra Pradesh",826.3,827.6,7197.0,101.3,98.7,,,,,Its mission is identical to its predecessors (Resourcesat-1 and Resourcesat-2),10:24:00,IST,2016-12-07,,,PSLV
93.0,CartoSat-2D,Earth Sciences,2017-008A,41948,714.0,,,2017-02-15,PSLV-C37,"Satish Dhawan Space Centre, Sriharikota, Andhra Pradesh",510.9,519.9,6886.0,94.8,97.5,,,,,"ISRO holds the world record for launching the highest number of satellites by a single launch vehicle (104 satellites, including the CartoSat-2D and 2 indigenously designed nano-satellites, INS-1A and INS-1B)",9:28:00,IST,2017-02-15,,,PSLV
94.0,INS-1A(ISRO Nano-Satellite 1A),Technology Applications,2017-008B,41949,8.4,,,2017-02-15,PSLV-C37,"Satish Dhawan Space Centre, Sriharikota, Andhra Pradesh",500.8,515.4,6879.0,94.6,97.5,,,,,"This is one of 2 nano-satellites designed and manufactured by ISRO, are part of the constellation of 104 satellites launched in a single go",9:28:00,IST,2017-02-15,,,PSLV
95.0,INS-1B(ISRO Nano-Satellite 1B),Technology Applications,2017-008G,41954,9.7,,,2017-02-15,PSLV-C37,"Satish Dhawan Space Centre, Sriharikota, Andhra Pradesh",500.7,514.8,6878.0,94.6,97.5,,,,,"This is one of 2 nano-satellites designed and manufactured by ISRO, are part of the constellation of 104 satellites launched in a single go",9:28:00,IST,2017-02-15,,,PSLV
96.0,South Asia Satellite (GSAT-9),Communications,2017-024A,42695,2230.0,976.0,3500.0,2017-05-05,GSLV Mk.II,"Satish Dhawan Space Centre, Sriharikota, Andhra Pradesh",35782.2,35805.8,42165.0,1436.1,0.1,97.5° E,,,,"This satellite is being offered by India as a diplomatic initiative to its neighboring countries (SAARC region) for communication, remote sensing, resource mapping and disaster management applications",16:57:00,IST,2017-05-05,,,GSLV
97.0,GSAT-19(GSAT-19E),Communications,2017-031A,42747,3136.0,1394.0,4500.0,2017-06-05,GSLV Mk.III-D1,"Satish Dhawan Space Centre, Sriharikota, Andhra Pradesh",35781.1,35806.7,42164.0,1436.1,0.1,82.5° E,,,,Maiden orbital flight of GSLV Mk.III. This is the heaviest rocket (and the heaviest satellite) to be launched by ISRO from Indian soil,5:28:00,IST,2017-06-05,,,GSLV
98.0,NIUSat,Technology Applications,2017-036B,42766,15.0,,40.0,2017-06-23,PSLV-C38,"Satish Dhawan Space Centre, Sriharikota, Andhra Pradesh",502.5,526.7,6885.0,94.8,97.4,,,,,"This is a satellite designed for remote sensing applications, and built by the students of Noorul Islam University, Kanyakumari",9:29:00,IST,2017-06-23,,,PSLV
99.0,CartoSat-2E,Earth Sciences,2017-036C,42767,712.0,,986.0,2017-06-23,PSLV-C38,"Satish Dhawan Space Centre, Sriharikota, Andhra Pradesh",508.4,522.2,6886.0,94.8,97.4,,,,,This is the 7th satellite in the Cartosat series to be built by ISRO,9:29:00,IST,2017-06-23,,,PSLV
100.0,GSAT-17,Communications,2017-040B,42815,3477.0,1480.0,6200.0,2017-06-29,Ariane-5 ECA,"Centre Spatial Guyanais, Kourou",35771.0,35817.0,42164.0,1436.1,0.1,93.5° E,,,,"This is India's 18th communication (and to date, its heaviest) satellite",2:45:00,IST,2017-06-29,,,Ariane
101.0,IRNSS-1H,Navigation/Global Positioning,,,1425.0,598.0,,2017-09-02,PSLV-C39,"Satish Dhawan Space Centre, Sriharikota, Andhra Pradesh",,,,,,,,,,First satellite to be co-designed and built with private sector assistance. Failed to reach orbit,,,2017-09-02,,,PSLV
102.0,CartoSat-2F,Earth Sciences,2018-004A,43111,710.0,,,2018-01-12,PSLV-C40,"Satish Dhawan Space Centre, Sriharikota, Andhra Pradesh",,,,,,,,,,"ISRO sent 32 satellites, including 3 indigenous ones – CartoSat-2F (the 6th satellite in the Cartosat series to be built by ISRO), MicroSat-TD and INS-1C, on this mission",9:29:00,IST,2018-01-12,,,PSLV
103.0,MicroSat-TD,Technology Applications,2018-004T,43128,132.0,,,2018-01-12,PSLV-C40,"Satish Dhawan Space Centre, Sriharikota, Andhra Pradesh",,,,,,,,,,"This is a technology demonstrator, and the forerunner for future satellites in this series. The satellite bus is modular in design and can be fabricated and tested independently of payload",9:29:00,IST,2018-01-12,,,PSLV
104.0,INS-1C(ISRO Nano-Satellite 1C),Technology Applications,TBA,TBA,11.0,,,2018-01-12,PSLV-C40,"Satish Dhawan Space Centre, Sriharikota, Andhra Pradesh",,,,,,,,,,"INS-1C, the third satellite in the Indian Nanosatellite series, will be carrying a Miniature Multispectral Technology Demonstration (MMX-TD) Payload from Space Applications Centre (SAC). Data sent by this camera can be utilised for topographical mapping, vegetation monitoring, aerosol scattering studies and cloud studies",9:29:00,IST,2018-01-12,,,PSLV
105.0,GSAT-6A,Communications,2018-027A,,2117.0,,3119.0,2018-03-29,GSLV-F08,"Satish Dhawan Space Centre, Sriharikota, Andhra Pradesh",,,,,,,,,,"Similar to GSAT-6 it is a high power S-band communication satellite configured around I-2K bus. The satellite will also provide a platform for developing technologies such as demonstration of 6 m S-Band Unfurlable Antenna, handheld ground terminals and network management techniques that could be useful in satellite based mobile communication applications. Communication was lost with satellite before final orbit raising maneuver.",16:56:00,IST,2018-03-29,,,GSLV
106.0,IRNSS-1I,Navigation/Global Positioning,2018-035A,43286,1425.0,600.0,1671.0,2018-04-12,PSLV-C41,"Satish Dhawan Space Centre, Sriharikota, Andhra Pradesh",,,,1450.9,29.0,55°E,,,,Eighth satellite of IRNSS,04:04:00,,2018-04-12,,,PSLV
107.0,GSAT-29,High-throughput Communication Satellite,2018-089A,43698,3423.0,,,2018-11-01,GSLV Mk III D2,"Satish Dhawan Space Centre, Sriharikota, Andhra Pradesh",,,,,8.9,,,,,,11:38,,2018-11-01,,,GSLV
108.0,HySIS,Hyperspectral imaging satellite,2018-096A,43719,380.0,,,2018-11-29,PSLV-C43,"Satish Dhawan Space Centre, Sriharikota, Andhra Pradesh",633.3,648.1,711.0,97.0,97.95,,,,,"Hyperspectral imgaing services for agriculture, forestry, resource mapping, geographical assessment and military applications.",04:27:30,UTC,2018-11-29,,,PSLV
109.0,ExseedSat-1,Communications technology demonstrator,2018-099,,1.0,,1.0,2018-12-03,SpaceX Falcon 9,"Vandenberg Air Force Base, California, USA",,,,,,,,,,India's first privately funded & built satellite,18:34:05,UTC,2018-12-03,,,SpaceX
110.0,GSAT-11,Communications satellite,2018-100B,43824,5854.0,,13.0,2018-12-05,Ariane 5-VA246,"Centre Spatial Guyanais, Kourou",35767.8,35820.1,42164.0,1436.1,0.0,74°E,,,,Heaviest Indian spacecraft in orbit till date.,18:16,UTC,2018-12-05,,,Ariane
111.0,GSAT-7A,Military satellite,2018-105A,43864,2250.0,,3.0,2018-12-19,GSLV Mk.II-F11,"Satish Dhawan Space Centre, Sriharikota, Andhra Pradesh",35786.6,35799.4,42164.0,1436.1,0.1,63°E,,,,Services for Indian Air Force and Indian Army.,,UTC,2018-12-19,,,GSLV
112.0,Microsat-R,Earth imaging for defense applications (details classified),2019-006A,43947,741.2,,,2019-01-23,PSLV-C44,"Satish Dhawan Space Centre, Sriharikota, Andhra Pradesh",,,,,,,,,2019-03-27,Suspected to have been destroyed in 2019 Indian anti-satellite missile test.,19:37,IST,2019-01-23,,,PSLV
113.0,PS4 Stage attached with KalamSAT-V2,Student satellite,,,1.26,,,2019-01-23,PSLV-C44,"Satish Dhawan Space Centre, Sriharikota, Andhra Pradesh",,,,,,,,,,Used PSLV's 4th stage as orbital platform.,19:37,IST,2019-01-23,,,PSLV
114.0,GSAT-31,High-throughput Telecommunication Satellite,2019-007B,44035,2536.0,,4.0,2019-02-06,Ariane 5-VCA,"Centre Spatial Guyanais, Kourou",35775.7,35812.3,42164.0,1436.1,0.1,48°E,,,,Replacement of the aging INSAT-4CR.,02:31,IST,2019-02-06,,,Ariane
115.0,EMISAT,Reconnaissance of electromagnetic spectrum (ELINT),2019-018A,44078,436.0,,800.0,2019-04-01,PSLV-C45,"Satish Dhawan Space Centre, Sriharikota, Andhra Pradesh",739.3,767.6,7124.0,99.7,98.376,,,,,Electromagnetic intelligence to track any enemy radars for Indian Armed Forces.,09:27,IST,2019-04-01,,,PSLV
116.0,"PS4 Stage attached with ExseedSat-2, AMSAT, ARIS and AIS payloads","Amateur radio applications, Ionospheric studies and Maritime Satellite applications respectively.",,,,,,2019-04-01,PSLV-C45,"Satish Dhawan Space Centre, Sriharikota, Andhra Pradesh",,485.0,,,,,,,,Utilization of fourth stage directly as a satellite for experiments.,09:27,IST,2019-04-01,,,PSLV
117.0,RISAT-2B,Disaster management Radar imaging,2019-028A,44233,615.0,,,2019-05-22,PSLV-CA C46,"Satish Dhawan Space Centre, Sriharikota, Andhra Pradesh",558.4,563.5,6931.0,95.7,37.0,,,,,Successor to old RISAT-2.,5:30:00,IST,2019-05-22,,,PSLV
118.0,Orbiter of Chandrayaan-2,Lunar exploration,2019-042A,44441,2379.0,682.0,1.0,2019-07-22,GSLV Mk III M01,"Satish Dhawan Space Centre, Sriharikota, Andhra Pradesh",100.0,100.0,,,90.0,,,"20 August 2019, 09:02 IST (03:32 UTC)",,"India's second lunar exploration mission. Orbital insertion successful, soft landing failed. First operational flight of GSLV Mk III.",14:43:12,IST,2019-07-22,09:02,IST,GSLV
119.0,Cartosat-3,Earth observation,2019-081A,44804,1625.0,,2000.0,2019-11-27,PSLV-XL C47,"Satish Dhawan Space Centre, Sriharikota, Andhra Pradesh",507.2,526.6,6887.0,94.8,97.5,,,,,13 American nano-satellites to be piggybacked along. Cartosat-3 is among optical satellites with highest resolutions in world.,9:28:00,IST,2019-11-27,,,PSLV
120.0,RISAT-2BR1,Radar imaging,2019-089F,44857,628.0,,,2019-12-11,PSLV-QL C48,"Satish Dhawan Space Centre, Sriharikota, Andhra Pradesh",576.0,576.0,,,37.0,,,,,Has an improved resolution of 0.35 meters.,09:55,UTC,2019-12-11,,,PSLV
121,GSAT-30,Communications,2020-005A,45026,3357.0,,6000.0,2020-01-16,Ariane 5 ECA VA-251,"Centre Spatial Guyanais, Kourou",35779.1,35808.5,42164.0,1436.1,0.1,83°E,,,,Replacement of INSAT-4A,21:05,UTC,2020-01-16,,,Ariane
TBD,GISAT-1,Earth observation,TBD,TBD,2268.0,,2280.0,,GSLV Mk II F10,"Satish Dhawan Space Centre, Sriharikota, Andhra Pradesh",,,,,,,,,,India's first geostationary earth imaging satellite.,,,,,,GSLV
